notebook_tag,mode,feature_set,feature_groups,model,n_features_used,horizon_days,cumulative_return,annualized_return,annualized_volatility,downside_volatility,sharpe,sortino,calmar,max_drawdown,win_rate,profit_factor,avg_turnover,avg_cost_drag
demo1d,synthetic,F1_momentum,momentum,logistic_regression,7,1,0.0487922197233579,0.07946497403358088,0.18441171092938272,0.12831358366972787,0.5072865922015698,0.7290700308099809,0.6403446073832822,-0.12409720190868512,0.5605095541401274,1.0834903372654912,0.43312101910828027,0.0004331210191082803
demo1d,synthetic,F1_momentum,momentum,random_forest,7,1,0.08648637575923601,0.1424111122613354,0.17757188492764334,0.12650095127312816,0.8390406330635264,1.1777779158536856,1.3848330234502944,-0.10283630578545844,0.535031847133758,1.1481232345046042,0.61656050955414,0.0006165605095541402
demo1d,synthetic,F3_plus_risk_liquidity,"momentum,reversal,volatility,liquidity",logistic_regression,16,1,0.037855819405434366,0.06145470536533826,0.18264952151121674,0.13640895593629856,0.41831170018675673,0.5601130171932016,0.5046516165112872,-0.12177649561529491,0.5414012738853503,1.0711513388047371,0.4764331210191083,0.0004764331210191082
demo1d,synthetic,F3_plus_risk_liquidity,"momentum,reversal,volatility,liquidity",random_forest,16,1,0.06697188573969703,0.10965561839867144,0.17469359332958026,0.13141814860853637,0.6834347370162465,0.9084869272604378,0.9585448797937436,-0.1143980012936554,0.5859872611464968,1.1211507919859622,0.5171974522292992,0.0005171974522292993
demo1d,synthetic,F5_full_finance,"momentum,reversal,volatility,liquidity,cross_sectional,macro,fundamental",logistic_regression,33,1,0.06411775495592553,0.10489505609513183,0.17931014039712515,0.1323299883078868,0.6464687282971996,0.8759798131593511,1.0233127670175186,-0.1025053722341921,0.5414012738853503,1.1114244011352585,0.3770700636942675,0.0003770700636942675
demo1d,synthetic,F5_full_finance,"momentum,reversal,volatility,liquidity,cross_sectional,macro,fundamental",random_forest,33,1,0.020325733021977932,0.03282483645760159,0.1807324703588093,0.1286870300783258,0.26942056231879014,0.37838346073957324,0.2925260850838448,-0.11221165609280015,0.5222929936305732,1.0443338333771595,0.5579617834394904,0.0005579617834394905
